-- MySQL Script generated by MySQL Workbench
-- 11/26/15 11:15:21
-- Model: New Model    Version: 1.0
-- MySQL Workbench Forward Engineering

SET @OLD_UNIQUE_CHECKS=@@UNIQUE_CHECKS, UNIQUE_CHECKS=0;
SET @OLD_FOREIGN_KEY_CHECKS=@@FOREIGN_KEY_CHECKS, FOREIGN_KEY_CHECKS=0;
SET @OLD_SQL_MODE=@@SQL_MODE, SQL_MODE='TRADITIONAL,ALLOW_INVALID_DATES';

-- -----------------------------------------------------
-- Schema Colegio
-- -----------------------------------------------------

-- -----------------------------------------------------
-- Table `Docentes`
-- -----------------------------------------------------
DROP TABLE IF EXISTS `Docentes` ;

CREATE TABLE IF NOT EXISTS `Docentes` (
  `Cod_Docente` INT NOT NULL AUTO_INCREMENT COMMENT '',
  `Nombres` VARCHAR(45) NULL COMMENT '',
  `Apellidos` VARCHAR(45) NULL COMMENT '',
  `Direccion` VARCHAR(45) NULL COMMENT '',
  `Telefono` VARCHAR(45) NULL COMMENT '',
  `email` VARCHAR(45) NULL COMMENT '',
  PRIMARY KEY (`Cod_Docente`)  COMMENT '')
ENGINE = InnoDB;


-- -----------------------------------------------------
-- Table `departamento`
-- -----------------------------------------------------
DROP TABLE IF EXISTS `departamento` ;

CREATE TABLE IF NOT EXISTS `departamento` (
  `id` INT NOT NULL COMMENT '',
  `nombre` VARCHAR(45) NULL COMMENT '',
  PRIMARY KEY (`id`)  COMMENT '')
ENGINE = InnoDB;


-- -----------------------------------------------------
-- Table `Alumnos`
-- -----------------------------------------------------
DROP TABLE IF EXISTS `Alumnos` ;

CREATE TABLE IF NOT EXISTS `Alumnos` (
  `id_Estudiante` INT NOT NULL AUTO_INCREMENT COMMENT '',
  `Nombre` VARCHAR(45) NULL COMMENT '',
  `Apellidos` VARCHAR(45) NULL COMMENT '',
  `Sexo` VARCHAR(45) NULL COMMENT '',
  `Fecha_nac` DATE NULL COMMENT '',
  `Direccion` VARCHAR(45) NULL COMMENT '',
  `Telefono` VARCHAR(45) NULL COMMENT '',
  `Email` VARCHAR(45) NULL COMMENT '',
  `departamento_id` INT NOT NULL COMMENT '',
  PRIMARY KEY (`id_Estudiante`)  COMMENT '',
  INDEX `fk_Alumnos_departamento1_idx` (`departamento_id` ASC)  COMMENT '',
  CONSTRAINT `fk_Alumnos_departamento1`
    FOREIGN KEY (`departamento_id`)
    REFERENCES `departamento` (`id`)
    ON DELETE NO ACTION
    ON UPDATE NO ACTION)
ENGINE = InnoDB;


-- -----------------------------------------------------
-- Table `Nivel`
-- -----------------------------------------------------
DROP TABLE IF EXISTS `Nivel` ;

CREATE TABLE IF NOT EXISTS `Nivel` (
  `idNivel` INT NOT NULL AUTO_INCREMENT COMMENT '',
  `Nombre` VARCHAR(45) NULL COMMENT '',
  PRIMARY KEY (`idNivel`)  COMMENT '')
ENGINE = InnoDB;


-- -----------------------------------------------------
-- Table `Seccion`
-- -----------------------------------------------------
DROP TABLE IF EXISTS `Seccion` ;

CREATE TABLE IF NOT EXISTS `Seccion` (
  `idSeccion` INT NOT NULL AUTO_INCREMENT COMMENT '',
  `Nombre` VARCHAR(45) NULL COMMENT '',
  PRIMARY KEY (`idSeccion`)  COMMENT '')
ENGINE = InnoDB;


-- -----------------------------------------------------
-- Table `Grado`
-- -----------------------------------------------------
DROP TABLE IF EXISTS `Grado` ;

CREATE TABLE IF NOT EXISTS `Grado` (
  `idGrado` INT NOT NULL AUTO_INCREMENT COMMENT '',
  `Nombre` VARCHAR(45) NULL COMMENT '',
  `Seccion_idSeccion` INT NOT NULL COMMENT '',
  `Docentes_Cod_Docente` INT NOT NULL COMMENT '',
  PRIMARY KEY (`idGrado`)  COMMENT '',
  INDEX `fk_Grado_Seccion1_idx` (`Seccion_idSeccion` ASC)  COMMENT '',
  INDEX `fk_Grado_Docentes1_idx` (`Docentes_Cod_Docente` ASC)  COMMENT '',
  CONSTRAINT `fk_Grado_Seccion1`
    FOREIGN KEY (`Seccion_idSeccion`)
    REFERENCES `Seccion` (`idSeccion`)
    ON DELETE NO ACTION
    ON UPDATE NO ACTION,
  CONSTRAINT `fk_Grado_Docentes1`
    FOREIGN KEY (`Docentes_Cod_Docente`)
    REFERENCES `Docentes` (`Cod_Docente`)
    ON DELETE NO ACTION
    ON UPDATE NO ACTION)
ENGINE = InnoDB;


-- -----------------------------------------------------
-- Table `Incripciones`
-- -----------------------------------------------------
DROP TABLE IF EXISTS `Incripciones` ;

CREATE TABLE IF NOT EXISTS `Incripciones` (
  `idIncripciones` INT NOT NULL AUTO_INCREMENT COMMENT '',
  `id_Estudiante` INT NOT NULL COMMENT '',
  `idNivel` INT NOT NULL COMMENT '',
  `idGrado` INT NOT NULL COMMENT '',
  `Fecha` DATE NULL COMMENT '',
  PRIMARY KEY (`idIncripciones`)  COMMENT '',
  INDEX `fk_Incripciones_Alumnos1_idx` (`id_Estudiante` ASC)  COMMENT '',
  INDEX `fk_Incripciones_Nivel1_idx` (`idNivel` ASC)  COMMENT '',
  INDEX `fk_Incripciones_Grado1_idx` (`idGrado` ASC)  COMMENT '',
  CONSTRAINT `fk_Incripciones_Alumnos1`
    FOREIGN KEY (`id_Estudiante`)
    REFERENCES `Alumnos` (`id_Estudiante`)
    ON DELETE NO ACTION
    ON UPDATE NO ACTION,
  CONSTRAINT `fk_Incripciones_Nivel1`
    FOREIGN KEY (`idNivel`)
    REFERENCES `Nivel` (`idNivel`)
    ON DELETE NO ACTION
    ON UPDATE NO ACTION,
  CONSTRAINT `fk_Incripciones_Grado1`
    FOREIGN KEY (`idGrado`)
    REFERENCES `Grado` (`idGrado`)
    ON DELETE NO ACTION
    ON UPDATE NO ACTION)
ENGINE = InnoDB;


-- -----------------------------------------------------
-- Table `Notas`
-- -----------------------------------------------------
DROP TABLE IF EXISTS `Notas` ;

CREATE TABLE IF NOT EXISTS `Notas` (
  `idNotas` INT NOT NULL AUTO_INCREMENT COMMENT '',
  `Nota` VARCHAR(45) NULL COMMENT '',
  `idIncripciones` INT NOT NULL COMMENT '',
  PRIMARY KEY (`idNotas`)  COMMENT '',
  INDEX `fk_Notas_Incripciones1_idx` (`idIncripciones` ASC)  COMMENT '',
  CONSTRAINT `fk_Notas_Incripciones1`
    FOREIGN KEY (`idIncripciones`)
    REFERENCES `Incripciones` (`idIncripciones`)
    ON DELETE NO ACTION
    ON UPDATE NO ACTION)
ENGINE = InnoDB;


-- -----------------------------------------------------
-- Table `cursos`
-- -----------------------------------------------------
DROP TABLE IF EXISTS `cursos` ;

CREATE TABLE IF NOT EXISTS `cursos` (
  `idcursos` INT NOT NULL AUTO_INCREMENT COMMENT '',
  `nombre` VARCHAR(45) NULL COMMENT '',
  `Docentes_Cod_Docente` INT NOT NULL COMMENT '',
  PRIMARY KEY (`idcursos`)  COMMENT '',
  INDEX `fk_cursos_Docentes2_idx` (`Docentes_Cod_Docente` ASC)  COMMENT '',
  CONSTRAINT `fk_cursos_Docentes2`
    FOREIGN KEY (`Docentes_Cod_Docente`)
    REFERENCES `Docentes` (`Cod_Docente`)
    ON DELETE NO ACTION
    ON UPDATE NO ACTION)
ENGINE = InnoDB;


-- -----------------------------------------------------
-- Data for table `departamento`
-- -----------------------------------------------------
START TRANSACTION;
INSERT INTO `departamento` (`id`, `nombre`) VALUES (1, 'peten');
INSERT INTO `departamento` (`id`, `nombre`) VALUES (2, 'huehuetenango');
INSERT INTO `departamento` (`id`, `nombre`) VALUES (3, 'quiche');
INSERT INTO `departamento` (`id`, `nombre`) VALUES (4, 'alta verapaz');
INSERT INTO `departamento` (`id`, `nombre`) VALUES (5, 'izabal');
INSERT INTO `departamento` (`id`, `nombre`) VALUES (6, 'san marcos');
INSERT INTO `departamento` (`id`, `nombre`) VALUES (7, 'quetzaltenango');
INSERT INTO `departamento` (`id`, `nombre`) VALUES (8, 'totonicapan');
INSERT INTO `departamento` (`id`, `nombre`) VALUES (9, 'solola');
INSERT INTO `departamento` (`id`, `nombre`) VALUES (10, 'chimaltenango');
INSERT INTO `departamento` (`id`, `nombre`) VALUES (11, 'sacatepequez');
INSERT INTO `departamento` (`id`, `nombre`) VALUES (12, 'guatemala');
INSERT INTO `departamento` (`id`, `nombre`) VALUES (13, 'baja verapaz');
INSERT INTO `departamento` (`id`, `nombre`) VALUES (14, 'el progreso');
INSERT INTO `departamento` (`id`, `nombre`) VALUES (15, 'jalapa');
INSERT INTO `departamento` (`id`, `nombre`) VALUES (16, 'zacapa');
INSERT INTO `departamento` (`id`, `nombre`) VALUES (17, 'chiquimula');
INSERT INTO `departamento` (`id`, `nombre`) VALUES (18, 'retalhuleu');
INSERT INTO `departamento` (`id`, `nombre`) VALUES (19, 'suchitepequez');
INSERT INTO `departamento` (`id`, `nombre`) VALUES (20, 'escuiltla');
INSERT INTO `departamento` (`id`, `nombre`) VALUES (21, 'santa rosa');
INSERT INTO `departamento` (`id`, `nombre`) VALUES (22, 'jutiapa');

COMMIT;


-- -----------------------------------------------------
-- Data for table `Alumnos`
-- -----------------------------------------------------
START TRANSACTION;
INSERT INTO `Alumnos` (`id_Estudiante`, `Nombre`, `Apellidos`, `Sexo`, `Fecha_nac`, `Direccion`, `Telefono`, `Email`, `departamento_id`) VALUES (1, 'Jose', 'Navarro', 'M', '12/12/12', 'san pedro', '111', 'jose@gmail.com', 1);
INSERT INTO `Alumnos` (`id_Estudiante`, `Nombre`, `Apellidos`, `Sexo`, `Fecha_nac`, `Direccion`, `Telefono`, `Email`, `departamento_id`) VALUES (2, 'juan', 'solorzano', 'M', '12/11/10', 'san marcos', '1434', 'juan@gmail.com', 2);
INSERT INTO `Alumnos` (`id_Estudiante`, `Nombre`, `Apellidos`, `Sexo`, `Fecha_nac`, `Direccion`, `Telefono`, `Email`, `departamento_id`) VALUES (3, 'pedro', 'chun', 'M', '12/10/09', 'san pedro', '1123', 'pedro@gmail.com', 1);
INSERT INTO `Alumnos` (`id_Estudiante`, `Nombre`, `Apellidos`, `Sexo`, `Fecha_nac`, `Direccion`, `Telefono`, `Email`, `departamento_id`) VALUES (4, 'samuel', 'paz', 'M', '12/08/09', 'san marcos', '34234', 'Sam@gmail.com', 2);
INSERT INTO `Alumnos` (`id_Estudiante`, `Nombre`, `Apellidos`, `Sexo`, `Fecha_nac`, `Direccion`, `Telefono`, `Email`, `departamento_id`) VALUES (5, 'Luis', 'Molina', 'M', '12/12/07', 'san jose', '435443', 'Lu@gmail.com', 1);

COMMIT;


-- -----------------------------------------------------
-- Data for table `Nivel`
-- -----------------------------------------------------
START TRANSACTION;
INSERT INTO `Nivel` (`idNivel`, `Nombre`) VALUES (1, 'normal');
INSERT INTO `Nivel` (`idNivel`, `Nombre`) VALUES (2, 'becado');

COMMIT;


-- -----------------------------------------------------
-- Data for table `Seccion`
-- -----------------------------------------------------
START TRANSACTION;
INSERT INTO `Seccion` (`idSeccion`, `Nombre`) VALUES (1, 'A');

COMMIT;


-- -----------------------------------------------------
-- Data for table `Grado`
-- -----------------------------------------------------
START TRANSACTION;
INSERT INTO `Grado` (`idGrado`, `Nombre`, `Seccion_idSeccion`, `Docentes_Cod_Docente`) VALUES (1, 'primero', 1, 1);
INSERT INTO `Grado` (`idGrado`, `Nombre`, `Seccion_idSeccion`, `Docentes_Cod_Docente`) VALUES (2, 'segundo', 1, 2);
INSERT INTO `Grado` (`idGrado`, `Nombre`, `Seccion_idSeccion`, `Docentes_Cod_Docente`) VALUES (3, 'tercero', 1, 4);
INSERT INTO `Grado` (`idGrado`, `Nombre`, `Seccion_idSeccion`, `Docentes_Cod_Docente`) VALUES (4, 'cuarto', 1, 5);
INSERT INTO `Grado` (`idGrado`, `Nombre`, `Seccion_idSeccion`, `Docentes_Cod_Docente`) VALUES (5, 'quinto', 1, 6);
INSERT INTO `Grado` (`idGrado`, `Nombre`, `Seccion_idSeccion`, `Docentes_Cod_Docente`) VALUES (6, 'sexto', 1, 3);

COMMIT;


-- -----------------------------------------------------
-- Data for table `Incripciones`
-- -----------------------------------------------------
START TRANSACTION;
INSERT INTO `Incripciones` (`idIncripciones`, `id_Estudiante`, `idNivel`, `idGrado`, `Fecha`) VALUES (1, 1, 1, 1, '12/12/12');
INSERT INTO `Incripciones` (`idIncripciones`, `id_Estudiante`, `idNivel`, `idGrado`, `Fecha`) VALUES (2, 2, 2, 2, '12/12/07');
INSERT INTO `Incripciones` (`idIncripciones`, `id_Estudiante`, `idNivel`, `idGrado`, `Fecha`) VALUES (3, 3, 2, 3, '12/10/08');
INSERT INTO `Incripciones` (`idIncripciones`, `id_Estudiante`, `idNivel`, `idGrado`, `Fecha`) VALUES (4, 4, 3, 4, '12/09/09');

COMMIT;


-- -----------------------------------------------------
-- Data for table `Notas`
-- -----------------------------------------------------
START TRANSACTION;
INSERT INTO `Notas` (`idNotas`, `Nota`, `idIncripciones`) VALUES (1, '10', 1);
INSERT INTO `Notas` (`idNotas`, `Nota`, `idIncripciones`) VALUES (2, '20', 2);
INSERT INTO `Notas` (`idNotas`, `Nota`, `idIncripciones`) VALUES (3, '15', 3);

COMMIT;


-- -----------------------------------------------------
-- Data for table `cursos`
-- -----------------------------------------------------
START TRANSACTION;
INSERT INTO `cursos` (`idcursos`, `nombre`, `Docentes_Cod_Docente`) VALUES (1, 'matematica', DEFAULT);
INSERT INTO `cursos` (`idcursos`, `nombre`, `Docentes_Cod_Docente`) VALUES (2, 'idioma español', DEFAULT);
INSERT INTO `cursos` (`idcursos`, `nombre`, `Docentes_Cod_Docente`) VALUES (3, 'ciencias sociales', DEFAULT);
INSERT INTO `cursos` (`idcursos`, `nombre`, `Docentes_Cod_Docente`) VALUES (4, 'ciencias naturales', DEFAULT);
INSERT INTO `cursos` (`idcursos`, `nombre`, `Docentes_Cod_Docente`) VALUES (5, 'educacion fisica', DEFAULT);
INSERT INTO `cursos` (`idcursos`, `nombre`, `Docentes_Cod_Docente`) VALUES (6, 'ingles', DEFAULT);
INSERT INTO `cursos` (`idcursos`, `nombre`, `Docentes_Cod_Docente`) VALUES (7, 'computacion', DEFAULT);

COMMIT;


SET SQL_MODE=@OLD_SQL_MODE;
SET FOREIGN_KEY_CHECKS=@OLD_FOREIGN_KEY_CHECKS;
SET UNIQUE_CHECKS=@OLD_UNIQUE_CHECKS;
